{
  "id": "\\\\svr2.move37.local\\D\\ComputerVision\\Web App\\Data\\Outputs\\03\\dlc\\input",
  "head_axis_topline": -128.14885942406528,
  "head_axis_shldr_diff": 12.587081271761207,
  "head_ang": 31.940540215290667,
  "poll_ang": -102.31466465433262,
  "throat_poll_nose_ang": 46.10705978240736,
  "head_neck_len_ratio": 0.5685381738559149,
  "eye_nose_head_ratio": 0.6684821384745988,
  "ear_head_ratio": 0.20098759768022342,
  "downhill_angle": -5.734344981972015,
  "downhill_diff_vs_elbow": 4.41445839511772,
  "shoulder_slope_ang": -46.0997752001187,
  "neck_axis_topline": 154.71615895487554,
  "throatlatch_topline": -13.151907393622338,
  "neck_axis_shldr_diff": -64.54790034929795,
  "neck_len_base_ratio": 1.2600640746946925,
  "top_neck_ratio": 1.5435106481683756,
  "neck_top_bottom_ratio": 1.429510690566929,
  "throatlatch_head_ratio": 0.49161112245991706,
  "throatlatch_head_ratio2": 0.7038539345280518,
  "head_neckbase_ratio": 1.1433180065602881,
  "neck_top_und_ratio": 1.5008171235020509,
  "neck_tie_in_height": 0.7653899062450753,
  "neck_body_ratio": 0.5842426430751029,
  "chest_depth_norm_len": 0.08796745880615219,
  "chest_depth_norm_elbow": 0.15649506347258063,
  "neckbase_thick_top": 0.6478737294016477,
  "throat_vs_neckbase": 0.3150540109910632,
  "crest_bulge_ratio": -0.02940678253422112,
  "shoulder_triangle_proj": 0.7337916183021592,
  "heart_floor_ratio": 0.8088256889287108,
  "heart_flank_ratio": 1.2075188173663458,
  "heart_length_ratio": 0.44038115733063504,
  "heartgirth_ground_ratio": 0.783246186001692,
  "rib_spring_ratio": 0.4554811590059386,
  "chest_proj_ratio": 0.14089936314044968,
  "ribcage_body_ratio": 0.44533688306534236,
  "humerus_scapula_ratio": 1.0357116698019286,
  "neck_rectangularity": 0.38637881738150903,
  "pect_depth_top_norm": 0.19616728313703446,
  "forearm_thick_top_norm": 0.19966894581136202,
  "knee_w_top_norm": 0.15093492017726498,
  "cannon_w_top_norm": 0.11449812218328546,
  "fetlock_w_top_norm": 0.12844308293567425,
  "pect_depth_bl_norm": 0.08796745880615219,
  "forearm_thick_bl_norm": 0.08953771232718286,
  "knee_w_bl_norm": 0.06768387246220055,
  "cannon_w_bl_norm": 0.05134448867043736,
  "fetlock_w_bl_norm": 0.05759783908097572,
  "elbow_barrel_angle": 9.504416615170868,
  "cannon_ang_front": 85.28657680627191,
  "pastern_ang_front": 119.33904227650919,
  "hoof_wall_ang_front": 118.52627802594498,
  "hoof_wall_ang_back": 118.85731377924265,
  "pastern_hoof_diff": 179.18723574943579,
  "cannon_pastern_diff": -145.94753452976272,
  "knee_back_ang": -1.625904141139415,
  "shoulder_pastern_diff": -15.66255343734528,
  "shoulder_pastern_back_diff": -12.364495197008921,
  "forearm_barrel_ang": -84.32040641552803,
  "hoof_mid_pastern_ang": 172.96635230289314,
  "hoof_fetlock_ang": 179.18723574943579,
  "forearm_len_top_norm": 0.5720473548219699,
  "fore_cannon_len_top_norm": 0.42807058067893644,
  "fore_pastern_len_top_norm": 0.16174291794085952,
  "fore_hoof_h_top_norm": 0.06491540121336915,
  "forearm_len_bl_norm": 0.2565236736511122,
  "fore_cannon_len_bl_norm": 0.1919600484332285,
  "fore_pastern_len_bl_norm": 0.07253051193664252,
  "fore_hoof_h_bl_norm": 0.029110067646360833,
  "cannon_ratio": 3.6739042611907933,
  "pastern_slen_front": 2.010368827424841,
  "fore_pas_can_ratio": 0.37784170471217393,
  "fore_arm_pas_ratio": 3.536769103121635,
  "knee_w_can_w_ratio": 1.3182305290182181,
  "fetlock_w_can_w_ratio": 1.1217920476465637,
  "hoof_fb_h_ratio": 1.7743285413155119,
  "hoof_ang_diff_horiz": -14.800612088357553,
  "hoof_ang_diff_vert": 0.3310357532976411,
  "forearm_cannon_ratio": 1.336338867096825,
  "forearm_len_body_norm": 0.2565236736511122,
  "cannon_len_body_norm": 0.1919600484332285,
  "pastern_len_body_norm": 0.07253051193664252,
  "hoof_h_body_norm": 0.029110067646360833,
  "shoulder_joint_ang": -7.862805898886563,
  "top_rect": 0.27280967969003483,
  "body_circ": 0.16127677848096167,
  "body_aspect": 2.0377829253546063,
  "body_edge_cv": 0.6749704397153102,
  "barrel_rect": 0.5362607878873913,
  "barrel_aspect2": 4.798192245799588,
  "barrel_edge_cv2": 0.5565319880132733,
  "belly_sag_ratio": 0.09570035860604885,
  "underline_top_ratio": 0.8972122639591232,
  "gaskin_w_top_norm": 0.25832762939401904,
  "hock_w_top_norm": 0.1737844025063019,
  "hind_cannon_w_top_norm": 0.1244905076212958,
  "hind_fetlock_w_top_norm": 0.13851460129064214,
  "hind_cannon_ang": 83.91766259243406,
  "hind_pastern_ang": 113.5841924622967,
  "hind_hoof_wall_ang": 120.47653459393786,
  "hind_pastern_hoof_diff": 6.892342131641158,
  "hock_back_ang": -165.8054367321741,
  "hock_back_buttock_ang": -3.628045631769794,
  "croup_slope": 35.6139549176487,
  "buttock_hock_slope": -88.29015438723427,
  "gaskin_len_top_norm": 0.48456482443547993,
  "hind_cannon_len_top_norm": 0.522937058701349,
  "hind_pastern_len_top_norm": 0.18131297958139903,
  "hind_hoof_h_top_norm": 0.08415346470781233,
  "pastern_slen_hind": 2.0701138597010793,
  "hind_cannon_slen": 4.20061793218918,
  "hind_pas_can_ratio": 0.34672046389611,
  "hind_gask_pas_ratio": 2.6725324659834317,
  "hind_hock_w_can_w_ratio": 1.3959650886392057,
  "hind_fet_w_can_w_ratio": 1.112651911678343,
  "hind_hoof_fb_h_ratio": 1.859991145840636,
  "hip_len_body_ratio": 0.30486240959051886,
  "stifle_pos_body_ratio": 0.33904836915744546,
  "gaskin_len_body_norm": 0.21729380939971374,
  "hind_cannon_len_norm": 0.23450110249723227,
  "hind_cannon_short_ratio": 1.0791890627029581,
  "stifle_joint_ang": 143.1938366769278,
  "hind_leg_ang": 133.2403449086671,
  "gaskin_thick_len_norm": 0.11584207485472978,
  "shldr_hip_slope_diff": -99.38764079620576,
  "shldr_vs_horiz": -140.73594069582649,
  "croup_vs_horiz": -138.6517001003793,
  "back_vs_horiz": -21.817354077598083,
  "withers_ang": 169.09977136347663,
  "top_und_ratio": 0.7634171588739579,
  "top_croup_ratio": 1.47092859618663,
  "shldr_hip_len_ratio": 1.3593358687478043,
  "back_hip_len_ratio": 0.18408801497115979,
  "top_und_len_ratio": 0.22039158943588408,
  "shoulder_back_hip_eq": 0.8681053953069816,
  "neck_withers_back_ratio": 1.2448708502174732,
  "lumbar_body_ratio": 0.34876752507403463,
  "lumbar_body_ratio_h": 0.353336870219983,
  "back_sag_ratio": 0.09111533762801709,
  "withers_hip_vert_ratio": 0.09991620102647021,
  "fore_hind_cannon_diff": -1.3689142138378543,
  "hoof_wall_pair_diff": 1.9502565679928807,
  "pastern_pair_diff": -5.754849814212491,
  "croup_pastern_diff": 77.970237544648,
  "cannon_shldr_diff": 49.71501890758253,
  "hind_cannon_croup_diff": -48.30370767478536,
  "fore_hind_pas_len_ratio": 0.8920647507656577,
  "fore_hind_hoof_h_ratio": 0.7713930904539782,
  "wither_stifle_elbow_ang": -49.830899631821865,
  "head_shldr_elbow_ang": -99.1165757772464,
  "stifle_hip_buttock_ang": -60.05659527401707,
  "outer_hip_ang": 25.937821719174508,
  "dock_angle": -137.5679232308995,
  "barrel_area_ratio": 0.7287455040473699,
  "hiptri_area_ratio": 0.1127860949342179,
  "lowerneck_area_ratio": 0.23497291661640743,
  "loin_area_ratio": 0.796982287358443,
  "foretri_area_ratio": 0.6654021189860756,
  "hindtri_area_ratio": 0.6352084427260469,
  "neckpatch_area_ratio": 0.2671275473973941,
  "pastern_tri_area_ratio": 0.00019746534649339744,
  "hind_pas_tri_area_ratio": 0.002427658760965844,
  "head_area_ratio": 0.13508725717356077,
  "fore_rect": 0.4079409634714395,
  "hind_rect": 0.4675776894557781,
  "top_aspect": 5.9284454240680615,
  "hip_aspect": 1.3960667190509124,
  "fore_aspect": 0.6942216859461355
}