{
  "id": "\\\\svr2.move37.local\\D\\ComputerVision\\Web App\\Data\\Outputs\\01\\dlc\\input",
  "head_axis_topline": -124.80324875058287,
  "head_axis_shldr_diff": 2.1459720566550686,
  "head_ang": 31.5343347978544,
  "poll_ang": -115.97083221406469,
  "throat_poll_nose_ang": 52.11752256467298,
  "head_neck_len_ratio": 0.5681364099021707,
  "eye_nose_head_ratio": 0.6305515172055708,
  "ear_head_ratio": 0.24196467320883333,
  "downhill_angle": 1.725252446571318,
  "downhill_diff_vs_elbow": 0.5745829555626472,
  "shoulder_slope_ang": -40.09578289833527,
  "neck_axis_topline": 170.89294025577988,
  "throatlatch_topline": 3.1371128607551952,
  "neck_axis_shldr_diff": -62.157838936982216,
  "neck_len_base_ratio": 1.2754742040641658,
  "top_neck_ratio": 1.5976121817698556,
  "neck_top_bottom_ratio": 1.3898451402569822,
  "throatlatch_head_ratio": 0.4117787254365669,
  "throatlatch_head_ratio2": 0.6585904926266417,
  "head_neckbase_ratio": 1.0966905124848827,
  "neck_top_und_ratio": 1.4600707958472572,
  "neck_tie_in_height": 0.7343988702261915,
  "neck_body_ratio": 0.5657593862346623,
  "chest_depth_norm_len": 0.0730775985394804,
  "chest_depth_norm_elbow": 0.14486906190037369,
  "neckbase_thick_top": 0.6259341355873907,
  "throat_vs_neckbase": 0.30712321059677167,
  "crest_bulge_ratio": -0.02297136228925988,
  "shoulder_triangle_proj": 0.6206970733764304,
  "heart_floor_ratio": 0.8789992566154852,
  "heart_flank_ratio": 1.30513226617392,
  "heart_length_ratio": 0.4690170663447379,
  "heartgirth_ground_ratio": 0.8569862359022956,
  "rib_spring_ratio": 0.5395145481751954,
  "chest_proj_ratio": 0.139711236253322,
  "ribcage_body_ratio": 0.4688752093819865,
  "humerus_scapula_ratio": 1.0995088443277543,
  "neck_rectangularity": 0.44827687618699724,
  "pect_depth_top_norm": 0.15606754534940878,
  "forearm_thick_top_norm": 0.17836181707518378,
  "knee_w_top_norm": 0.1357397427895919,
  "cannon_w_top_norm": 0.09984323267782232,
  "fetlock_w_top_norm": 0.114961864841338,
  "pect_depth_bl_norm": 0.0730775985394804,
  "forearm_thick_bl_norm": 0.08351674420079483,
  "knee_w_bl_norm": 0.06355923909241969,
  "cannon_w_bl_norm": 0.046750935040200975,
  "fetlock_w_bl_norm": 0.053830134813849885,
  "elbow_barrel_angle": 17.466104876444774,
  "cannon_ang_front": 87.74575391137847,
  "pastern_ang_front": 123.41331035367546,
  "hoof_wall_ang_front": 125.32888518233074,
  "hoof_wall_ang_back": 131.78739594093565,
  "pastern_hoof_diff": -178.08442517134466,
  "cannon_pastern_diff": -144.33244355770304,
  "knee_back_ang": -0.21613611489465256,
  "shoulder_pastern_diff": -5.261162900133826,
  "shoulder_pastern_back_diff": -11.923897678229253,
  "forearm_barrel_ang": -83.32420755555741,
  "hoof_mid_pastern_ang": 174.97647419169493,
  "hoof_fetlock_ang": -178.08442517134472,
  "forearm_len_top_norm": 0.5183756816144306,
  "fore_cannon_len_top_norm": 0.4019347000352896,
  "fore_pastern_len_top_norm": 0.1449447404899391,
  "fore_hoof_h_top_norm": 0.09744585818887636,
  "forearm_len_bl_norm": 0.2427259932155547,
  "fore_cannon_len_bl_norm": 0.18820327174689327,
  "fore_pastern_len_bl_norm": 0.06786941854066308,
  "fore_hoof_h_bl_norm": 0.04562838025112068,
  "cannon_ratio": 3.983184733900188,
  "pastern_slen_front": 1.8880575562909254,
  "fore_pas_can_ratio": 0.3606176338524966,
  "fore_arm_pas_ratio": 3.5763676547505496,
  "knee_w_can_w_ratio": 1.3595287246718233,
  "fetlock_w_can_w_ratio": 1.151423704521878,
  "hoof_fb_h_ratio": 2.0277729725988554,
  "hoof_ang_diff_horiz": -22.078376423448788,
  "hoof_ang_diff_vert": 6.458510758604916,
  "forearm_cannon_ratio": 1.2897012414427458,
  "forearm_len_body_norm": 0.2427259932155547,
  "cannon_len_body_norm": 0.18820327174689327,
  "pastern_len_body_norm": 0.06786941854066308,
  "hoof_h_body_norm": 0.04562838025112068,
  "shoulder_joint_ang": 2.4872400216469828,
  "top_rect": 0.4642959660676947,
  "body_circ": 0.15918538417295724,
  "body_aspect": 2.0854275992658455,
  "body_edge_cv": 0.6374063772038174,
  "barrel_rect": 0.49387352258987116,
  "barrel_aspect2": 4.098097769215422,
  "barrel_edge_cv2": 0.5360062366868361,
  "belly_sag_ratio": 0.176885551996819,
  "underline_top_ratio": 0.936894805540758,
  "gaskin_w_top_norm": 0.24300177561609285,
  "hock_w_top_norm": 0.15846354862515513,
  "hind_cannon_w_top_norm": 0.1062739577831816,
  "hind_fetlock_w_top_norm": 0.1276725979368705,
  "hind_cannon_ang": 82.34445053381341,
  "hind_pastern_ang": 105.35276531883886,
  "hind_hoof_wall_ang": 120.2805038931233,
  "hind_pastern_hoof_diff": 14.927738574284433,
  "hock_back_ang": -168.96945774905396,
  "hock_back_buttock_ang": -4.1103800165897155,
  "croup_slope": 36.42309535750519,
  "buttock_hock_slope": -89.67532619106242,
  "gaskin_len_top_norm": 0.4502064895640789,
  "hind_cannon_len_top_norm": 0.45112076761445324,
  "hind_pastern_len_top_norm": 0.14327118348161252,
  "hind_hoof_h_top_norm": 0.10278339989997655,
  "pastern_slen_hind": 1.711635253484066,
  "hind_cannon_slen": 4.244885360671543,
  "hind_pas_can_ratio": 0.3175894212080657,
  "hind_gask_pas_ratio": 3.1423380377245125,
  "hind_hock_w_can_w_ratio": 1.4910854166968155,
  "hind_fet_w_can_w_ratio": 1.2013535639403405,
  "hind_hoof_fb_h_ratio": 2.013603424395748,
  "hip_len_body_ratio": 0.3429195366835415,
  "stifle_pos_body_ratio": 0.3105218487271178,
  "gaskin_len_body_norm": 0.21080621874698538,
  "hind_cannon_len_norm": 0.21123432341262316,
  "hind_cannon_short_ratio": 1.002030797137686,
  "stifle_joint_ang": 147.72966097002512,
  "hind_leg_ang": 138.55596308106703,
  "gaskin_thick_len_norm": 0.1137839783607579,
  "shldr_hip_slope_diff": -92.25137789630406,
  "shldr_vs_horiz": -126.94922080723794,
  "croup_vs_horiz": -145.3021570890661,
  "back_vs_horiz": -21.145116524588303,
  "withers_ang": -178.86000885882856,
  "top_und_ratio": 0.7558380609938493,
  "top_croup_ratio": 1.365461436157109,
  "shldr_hip_len_ratio": 1.1731070111730355,
  "back_hip_len_ratio": 0.26383976584636826,
  "top_und_len_ratio": 0.31471014936434966,
  "shoulder_back_hip_eq": 0.8506812403091224,
  "neck_withers_back_ratio": 0.7031086186143085,
  "lumbar_body_ratio": 0.32240226890899315,
  "lumbar_body_ratio_h": 0.3239096019295259,
  "back_sag_ratio": 0.12488290228576185,
  "withers_hip_vert_ratio": 0.0301067855398445,
  "fore_hind_cannon_diff": -5.401303377565085,
  "hoof_wall_pair_diff": -5.048381289207498,
  "pastern_pair_diff": -18.060545034836593,
  "croup_pastern_diff": 68.92966996133367,
  "cannon_shldr_diff": 40.92871934243078,
  "hind_cannon_croup_diff": -45.9213551763082,
  "fore_hind_pas_len_ratio": 1.0116810440708155,
  "fore_hind_hoof_h_ratio": 0.9480700023905182,
  "wither_stifle_elbow_ang": -45.68432841953455,
  "head_shldr_elbow_ang": -96.24759883712272,
  "stifle_hip_buttock_ang": -52.41983144770968,
  "outer_hip_ang": 20.24784045013098,
  "dock_angle": -137.73001158882255,
  "barrel_area_ratio": 0.8020706676366457,
  "hiptri_area_ratio": 0.14297292614574836,
  "lowerneck_area_ratio": 0.17093578687568323,
  "loin_area_ratio": 0.7237792392848573,
  "foretri_area_ratio": 0.6284925111153301,
  "hindtri_area_ratio": 0.6154589229486325,
  "neckpatch_area_ratio": 0.2169450688503025,
  "pastern_tri_area_ratio": 0.0006523456721326177,
  "hind_pas_tri_area_ratio": 0.005241373181940642,
  "head_area_ratio": 0.1210257111343141,
  "fore_rect": 0.4499078101922118,
  "hind_rect": 0.49254828051476696,
  "top_aspect": 7.4289612286014375,
  "hip_aspect": 1.3552229620203298,
  "fore_aspect": 0.5701644217821968
}